<?xml version="1.0" encoding="UTF-8"?>
<vaccinesAdministeredExpectation>
	<ageCategories>
		<ageCategory>
			<label>Baby</label>
			<ageMin>0</ageMin>
			<ageMax>1</ageMax>
		</ageCategory>
		<ageCategory>
			<label>Child</label>
			<ageMin>1</ageMin>
			<ageMax>7</ageMax>
		</ageCategory>
		<ageCategory>
			<label>Adolescent</label>
			<ageMin>7</ageMin>
			<ageMax>18</ageMax>
		</ageCategory>
		<ageCategory>
			<label>Adult</label>
			<ageMin>18</ageMin>
			<ageMax>55</ageMax>
		</ageCategory>
		<ageCategory>
			<label>Senior</label>
			<ageMin>55</ageMin>
			<ageMax>200</ageMax>
		</ageCategory>
	</ageCategories>
	<vaccineReportGroup>
		<label>Adenovirus</label>
		<displayPriority>0</displayPriority>
		<cvx>143</cvx>
		<cvx>54</cvx>
		<cvx>55</cvx>
		<cvx>82</cvx>
		<ageCategoryStatus>
			<label>Baby</label>
			<status>Not Expected</status>
		</ageCategoryStatus>
		<ageCategoryStatus>
			<label>Child</label>
			<status>Not Expected</status>
		</ageCategoryStatus>
		<ageCategoryStatus>
			<label>Adolescent</label>
			<status>Not Expected</status>
		</ageCategoryStatus>
		<ageCategoryStatus>
			<label>Adult</label>
			<status>Not Expected</status>
		</ageCategoryStatus>
		<ageCategoryStatus>
			<label>Senior</label>
			<status>Not Expected</status>
		</ageCategoryStatus>
	</vaccineReportGroup>
	<vaccineReportGroup>
		<label>Adjuvant</label>
		<displayPriority>0</displayPriority>
		<cvx>801</cvx>
		<ageCategoryStatus>
			<label>Baby</label>
			<status>Not Expected</status>
		</ageCategoryStatus>
		<ageCategoryStatus>
			<label>Child</label>
			<status>Not Expected</status>
		</ageCategoryStatus>
		<ageCategoryStatus>
			<label>Adolescent</label>
			<status>Not Expected</status>
		</ageCategoryStatus>
		<ageCategoryStatus>
			<label>Adult</label>
			<status>Not Expected</status>
		</ageCategoryStatus>
		<ageCategoryStatus>
			<label>Senior</label>
			<status>Not Expected</status>
		</ageCategoryStatus>
	</vaccineReportGroup>
	<vaccineReportGroup>
		<label>Anthrax</label>
		<displayPriority>0</displayPriority>
		<cvx>24</cvx>
		<ageCategoryStatus>
			<label>Baby</label>
			<status>Not Expected</status>
		</ageCategoryStatus>
		<ageCategoryStatus>
			<label>Child</label>
			<status>Not Expected</status>
		</ageCategoryStatus>
		<ageCategoryStatus>
			<label>Adolescent</label>
			<status>Not Expected</status>
		</ageCategoryStatus>
		<ageCategoryStatus>
			<label>Adult</label>
			<status>Not Expected</status>
		</ageCategoryStatus>
		<ageCategoryStatus>
			<label>Senior</label>
			<status>Not Expected</status>
		</ageCategoryStatus>
	</vaccineReportGroup>
	<vaccineReportGroup>
		<label>Antitoxin</label>
		<displayPriority>0</displayPriority>
		<cvx>27</cvx>
		<cvx>12</cvx>
		<ageCategoryStatus>
			<label>Baby</label>
			<status>Not Expected</status>
		</ageCategoryStatus>
		<ageCategoryStatus>
			<label>Child</label>
			<status>Not Expected</status>
		</ageCategoryStatus>
		<ageCategoryStatus>
			<label>Adolescent</label>
			<status>Not Expected</status>
		</ageCategoryStatus>
		<ageCategoryStatus>
			<label>Adult</label>
			<status>Not Expected</status>
		</ageCategoryStatus>
		<ageCategoryStatus>
			<label>Senior</label>
			<status>Not Expected</status>
		</ageCategoryStatus>
	</vaccineReportGroup>
	<vaccineReportGroup>
		<label>BCG</label>
		<displayPriority>0</displayPriority>
		<cvx>19</cvx>
		<ageCategoryStatus>
			<label>Baby</label>
			<status>Not Expected</status>
		</ageCategoryStatus>
		<ageCategoryStatus>
			<label>Child</label>
			<status>Not Expected</status>
		</ageCategoryStatus>
		<ageCategoryStatus>
			<label>Adolescent</label>
			<status>Not Expected</status>
		</ageCategoryStatus>
		<ageCategoryStatus>
			<label>Adult</label>
			<status>Not Expected</status>
		</ageCategoryStatus>
		<ageCategoryStatus>
			<label>Senior</label>
			<status>Not Expected</status>
		</ageCategoryStatus>
	</vaccineReportGroup>
	<vaccineReportGroup>
		<label>Cholera</label>
		<displayPriority>0</displayPriority>
		<cvx>26</cvx>
		<cvx>172</cvx>
		<cvx>173</cvx>
		<cvx>174</cvx>
		<ageCategoryStatus>
			<label>Baby</label>
			<status>Not Expected</status>
		</ageCategoryStatus>
		<ageCategoryStatus>
			<label>Child</label>
			<status>Not Expected</status>
		</ageCategoryStatus>
		<ageCategoryStatus>
			<label>Adolescent</label>
			<status>Not Expected</status>
		</ageCategoryStatus>
		<ageCategoryStatus>
			<label>Adult</label>
			<status>Not Expected</status>
		</ageCategoryStatus>
		<ageCategoryStatus>
			<label>Senior</label>
			<status>Not Expected</status>
		</ageCategoryStatus>
	</vaccineReportGroup>
	<vaccineReportGroup>
		<label>Dengue Fever</label>
		<displayPriority>0</displayPriority>
		<cvx>56</cvx>
		<ageCategoryStatus>
			<label>Baby</label>
			<status>Not Expected</status>
		</ageCategoryStatus>
		<ageCategoryStatus>
			<label>Child</label>
			<status>Not Expected</status>
		</ageCategoryStatus>
		<ageCategoryStatus>
			<label>Adolescent</label>
			<status>Not Expected</status>
		</ageCategoryStatus>
		<ageCategoryStatus>
			<label>Adult</label>
			<status>Not Expected</status>
		</ageCategoryStatus>
		<ageCategoryStatus>
			<label>Senior</label>
			<status>Not Expected</status>
		</ageCategoryStatus>
	</vaccineReportGroup>
	<vaccineReportGroup>
		<label>DTaP</label>
		<displayPriority>2</displayPriority>
		<cvx>28</cvx>
		<cvx>20</cvx>
		<cvx>106</cvx>
		<cvx>107</cvx>
		<cvx>146</cvx>
		<cvx>170</cvx>
		<cvx>110</cvx>
		<cvx>50</cvx>
		<cvx>120</cvx>
		<cvx>130</cvx>
		<cvx>132</cvx>
		<cvx>1</cvx>
		<cvx>22</cvx>
		<cvx>102</cvx>
		<ageCategoryStatus>
			<label>Baby</label>
			<status>Expected</status>
		</ageCategoryStatus>
		<ageCategoryStatus>
			<label>Child</label>
			<status>Expected</status>
		</ageCategoryStatus>
		<ageCategoryStatus>
			<label>Adolescent</label>
			<status>Not Expected</status>
		</ageCategoryStatus>
		<ageCategoryStatus>
			<label>Adult</label>
			<status>Not Expected</status>
		</ageCategoryStatus>
		<ageCategoryStatus>
			<label>Senior</label>
			<status>Not Expected</status>
		</ageCategoryStatus>
	</vaccineReportGroup>
	<vaccineReportGroup>
		<label>Hantavirus</label>
		<displayPriority>0</displayPriority>
		<cvx>57</cvx>
		<ageCategoryStatus>
			<label>Baby</label>
			<status>Not Expected</status>
		</ageCategoryStatus>
		<ageCategoryStatus>
			<label>Child</label>
			<status>Not Expected</status>
		</ageCategoryStatus>
		<ageCategoryStatus>
			<label>Adolescent</label>
			<status>Not Expected</status>
		</ageCategoryStatus>
		<ageCategoryStatus>
			<label>Adult</label>
			<status>Not Expected</status>
		</ageCategoryStatus>
		<ageCategoryStatus>
			<label>Senior</label>
			<status>Not Expected</status>
		</ageCategoryStatus>
	</vaccineReportGroup>
	<vaccineReportGroup>
		<label>Hep A</label>
		<displayPriority>9</displayPriority>
		<cvx>83</cvx>
		<cvx>52</cvx>
		<cvx>84</cvx>
		<cvx>31</cvx>
		<cvx>85</cvx>
		<cvx>104</cvx>
		<cvx>169</cvx>
		<ageCategoryStatus>
			<label>Baby</label>
			<status>Not Expected</status>
		</ageCategoryStatus>
		<ageCategoryStatus>
			<label>Child</label>
			<status>Expected</status>
		</ageCategoryStatus>
		<ageCategoryStatus>
			<label>Adolescent</label>
			<status>Possible</status>
		</ageCategoryStatus>
		<ageCategoryStatus>
			<label>Adult</label>
			<status>Possible</status>
		</ageCategoryStatus>
		<ageCategoryStatus>
			<label>Senior</label>
			<status>Possible</status>
		</ageCategoryStatus>
	</vaccineReportGroup>
	<vaccineReportGroup>
		<label>Hep B</label>
		<displayPriority>3</displayPriority>
		<cvx>146</cvx>
		<cvx>110</cvx>
		<cvx>132</cvx>
		<cvx>102</cvx>
		<cvx>189</cvx>
		<cvx>8</cvx>
		<cvx>42</cvx>
		<cvx>43</cvx>
		<cvx>44</cvx>
		<cvx>45</cvx>
		<cvx>58</cvx>
		<ageCategoryStatus>
			<label>Baby</label>
			<status>Expected</status>
		</ageCategoryStatus>
		<ageCategoryStatus>
			<label>Child</label>
			<status>Expected</status>
		</ageCategoryStatus>
		<ageCategoryStatus>
			<label>Adolescent</label>
			<status>Possible</status>
		</ageCategoryStatus>
		<ageCategoryStatus>
			<label>Adult</label>
			<status>Possible</status>
		</ageCategoryStatus>
		<ageCategoryStatus>
			<label>Senior</label>
			<status>Possible</status>
		</ageCategoryStatus>
	</vaccineReportGroup>
	<vaccineReportGroup>
		<label>Hep E</label>
		<displayPriority>0</displayPriority>
		<cvx>59</cvx>
		<ageCategoryStatus>
			<label>Baby</label>
			<status>Not Expected</status>
		</ageCategoryStatus>
		<ageCategoryStatus>
			<label>Child</label>
			<status>Not Expected</status>
		</ageCategoryStatus>
		<ageCategoryStatus>
			<label>Adolescent</label>
			<status>Not Expected</status>
		</ageCategoryStatus>
		<ageCategoryStatus>
			<label>Adult</label>
			<status>Not Expected</status>
		</ageCategoryStatus>
		<ageCategoryStatus>
			<label>Senior</label>
			<status>Not Expected</status>
		</ageCategoryStatus>
	</vaccineReportGroup>
	<vaccineReportGroup>
		<label>Herpes</label>
		<displayPriority>0</displayPriority>
		<cvx>60</cvx>
		<ageCategoryStatus>
			<label>Baby</label>
			<status>Not Possible</status>
		</ageCategoryStatus>
		<ageCategoryStatus>
			<label>Child</label>
			<status>Not Possible</status>
		</ageCategoryStatus>
		<ageCategoryStatus>
			<label>Adolescent</label>
			<status>Not Possible</status>
		</ageCategoryStatus>
		<ageCategoryStatus>
			<label>Adult</label>
			<status>Not Possible</status>
		</ageCategoryStatus>
		<ageCategoryStatus>
			<label>Senior</label>
			<status>Not Possible</status>
		</ageCategoryStatus>
	</vaccineReportGroup>
	<vaccineReportGroup>
		<label>Hib</label>
		<displayPriority>5</displayPriority>
		<cvx>146</cvx>
		<cvx>170</cvx>
		<cvx>50</cvx>
		<cvx>120</cvx>
		<cvx>132</cvx>
		<cvx>22</cvx>
		<cvx>102</cvx>
		<cvx>47</cvx>
		<cvx>46</cvx>
		<cvx>49</cvx>
		<cvx>48</cvx>
		<cvx>17</cvx>
		<cvx>51</cvx>
		<ageCategoryStatus>
			<label>Baby</label>
			<status>Expected</status>
		</ageCategoryStatus>
		<ageCategoryStatus>
			<label>Child</label>
			<status>Expected</status>
		</ageCategoryStatus>
		<ageCategoryStatus>
			<label>Adolescent</label>
			<status>Possible</status>
		</ageCategoryStatus>
		<ageCategoryStatus>
			<label>Adult</label>
			<status>Possible</status>
		</ageCategoryStatus>
		<ageCategoryStatus>
			<label>Senior</label>
			<status>Possible</status>
		</ageCategoryStatus>
	</vaccineReportGroup>
	<vaccineReportGroup>
		<label>HIV</label>
		<displayPriority>0</displayPriority>
		<cvx>61</cvx>
		<ageCategoryStatus>
			<label>Baby</label>
			<status>Not Possible</status>
		</ageCategoryStatus>
		<ageCategoryStatus>
			<label>Child</label>
			<status>Not Possible</status>
		</ageCategoryStatus>
		<ageCategoryStatus>
			<label>Adolescent</label>
			<status>Not Possible</status>
		</ageCategoryStatus>
		<ageCategoryStatus>
			<label>Adult</label>
			<status>Not Possible</status>
		</ageCategoryStatus>
		<ageCategoryStatus>
			<label>Senior</label>
			<status>Not Possible</status>
		</ageCategoryStatus>
	</vaccineReportGroup>
	<vaccineReportGroup>
		<label>HPV</label>
		<displayPriority>11</displayPriority>
		<cvx>118</cvx>
		<cvx>62</cvx>
		<cvx>137</cvx>
		<cvx>165</cvx>
		<ageCategoryStatus>
			<label>Baby</label>
			<status>Not Expected</status>
		</ageCategoryStatus>
		<ageCategoryStatus>
			<label>Child</label>
			<status>Not Expected</status>
		</ageCategoryStatus>
		<ageCategoryStatus>
			<label>Adolescent</label>
			<status>Expected</status>
		</ageCategoryStatus>
		<ageCategoryStatus>
			<label>Adult</label>
			<status>Possible</status>
		</ageCategoryStatus>
		<ageCategoryStatus>
			<label>Senior</label>
			<status>Not Expected</status>
		</ageCategoryStatus>
	</vaccineReportGroup>
	<vaccineReportGroup>
		<label>Immune Globulin</label>
		<displayPriority>0</displayPriority>
		<cvx>86</cvx>
		<cvx>14</cvx>
		<cvx>87</cvx>
		<cvx>29</cvx>
		<cvx>30</cvx>
		<cvx>180</cvx>
		<cvx>181</cvx>
		<cvx>154</cvx>
		<ageCategoryStatus>
			<label>Baby</label>
			<status>Not Expected</status>
		</ageCategoryStatus>
		<ageCategoryStatus>
			<label>Child</label>
			<status>Not Expected</status>
		</ageCategoryStatus>
		<ageCategoryStatus>
			<label>Adolescent</label>
			<status>Not Expected</status>
		</ageCategoryStatus>
		<ageCategoryStatus>
			<label>Adult</label>
			<status>Not Expected</status>
		</ageCategoryStatus>
		<ageCategoryStatus>
			<label>Senior</label>
			<status>Not Expected</status>
		</ageCategoryStatus>
	</vaccineReportGroup>
	<vaccineReportGroup>
		<label>Influenza</label>
		<displayPriority>15</displayPriority>
		<cvx>160</cvx>
		<cvx>151</cvx>
		<cvx>123</cvx>
		<cvx>135</cvx>
		<cvx>153</cvx>
		<cvx>171</cvx>
		<cvx>186</cvx>
		<cvx>158</cvx>
		<cvx>150</cvx>
		<cvx>161</cvx>
		<cvx>166</cvx>
		<cvx>111</cvx>
		<cvx>149</cvx>
		<cvx>155</cvx>
		<cvx>185</cvx>
		<cvx>141</cvx>
		<cvx>140</cvx>
		<cvx>144</cvx>
		<cvx>15</cvx>
		<cvx>168</cvx>
		<cvx>88</cvx>
		<cvx>16</cvx>
		<cvx>128</cvx>
		<cvx>125</cvx>
		<cvx>126</cvx>
		<cvx>127</cvx>
		<ageCategoryStatus>
			<label>Baby</label>
			<status>Expected</status>
		</ageCategoryStatus>
		<ageCategoryStatus>
			<label>Child</label>
			<status>Expected</status>
		</ageCategoryStatus>
		<ageCategoryStatus>
			<label>Adolescent</label>
			<status>Expected</status>
		</ageCategoryStatus>
		<ageCategoryStatus>
			<label>Adult</label>
			<status>Expected</status>
		</ageCategoryStatus>
		<ageCategoryStatus>
			<label>Senior</label>
			<status>Expected</status>
		</ageCategoryStatus>
	</vaccineReportGroup>
	<vaccineReportGroup>
		<label>Japenese Encephalitis</label>
		<displayPriority>0</displayPriority>
		<cvx>134</cvx>
		<cvx>39</cvx>
		<cvx>129</cvx>
		<ageCategoryStatus>
			<label>Baby</label>
			<status>Not Expected</status>
		</ageCategoryStatus>
		<ageCategoryStatus>
			<label>Child</label>
			<status>Not Expected</status>
		</ageCategoryStatus>
		<ageCategoryStatus>
			<label>Adolescent</label>
			<status>Not Expected</status>
		</ageCategoryStatus>
		<ageCategoryStatus>
			<label>Adult</label>
			<status>Not Expected</status>
		</ageCategoryStatus>
		<ageCategoryStatus>
			<label>Senior</label>
			<status>Not Expected</status>
		</ageCategoryStatus>
	</vaccineReportGroup>
	<vaccineReportGroup>
		<label>Junin Virus</label>
		<displayPriority>0</displayPriority>
		<cvx>63</cvx>
		<ageCategoryStatus>
			<label>Baby</label>
			<status>Not Expected</status>
		</ageCategoryStatus>
		<ageCategoryStatus>
			<label>Child</label>
			<status>Not Expected</status>
		</ageCategoryStatus>
		<ageCategoryStatus>
			<label>Adolescent</label>
			<status>Not Expected</status>
		</ageCategoryStatus>
		<ageCategoryStatus>
			<label>Adult</label>
			<status>Not Expected</status>
		</ageCategoryStatus>
		<ageCategoryStatus>
			<label>Senior</label>
			<status>Not Expected</status>
		</ageCategoryStatus>
	</vaccineReportGroup>
	<vaccineReportGroup>
		<label>Leprosy</label>
		<displayPriority>0</displayPriority>
		<cvx>65</cvx>
		<ageCategoryStatus>
			<label>Baby</label>
			<status>Not Expected</status>
		</ageCategoryStatus>
		<ageCategoryStatus>
			<label>Child</label>
			<status>Not Expected</status>
		</ageCategoryStatus>
		<ageCategoryStatus>
			<label>Adolescent</label>
			<status>Not Expected</status>
		</ageCategoryStatus>
		<ageCategoryStatus>
			<label>Adult</label>
			<status>Not Expected</status>
		</ageCategoryStatus>
		<ageCategoryStatus>
			<label>Senior</label>
			<status>Not Expected</status>
		</ageCategoryStatus>
	</vaccineReportGroup>
	<vaccineReportGroup>
		<label>Lieshmaiasis</label>
		<displayPriority>0</displayPriority>
		<cvx>64</cvx>
		<ageCategoryStatus>
			<label>Baby</label>
			<status>Not Expected</status>
		</ageCategoryStatus>
		<ageCategoryStatus>
			<label>Child</label>
			<status>Not Expected</status>
		</ageCategoryStatus>
		<ageCategoryStatus>
			<label>Adolescent</label>
			<status>Not Expected</status>
		</ageCategoryStatus>
		<ageCategoryStatus>
			<label>Adult</label>
			<status>Not Expected</status>
		</ageCategoryStatus>
		<ageCategoryStatus>
			<label>Senior</label>
			<status>Not Expected</status>
		</ageCategoryStatus>
	</vaccineReportGroup>
	<vaccineReportGroup>
		<label>Lyme Disease</label>
		<displayPriority>0</displayPriority>
		<cvx>66</cvx>
		<ageCategoryStatus>
			<label>Baby</label>
			<status>Not Expected</status>
		</ageCategoryStatus>
		<ageCategoryStatus>
			<label>Child</label>
			<status>Not Expected</status>
		</ageCategoryStatus>
		<ageCategoryStatus>
			<label>Adolescent</label>
			<status>Not Expected</status>
		</ageCategoryStatus>
		<ageCategoryStatus>
			<label>Adult</label>
			<status>Not Expected</status>
		</ageCategoryStatus>
		<ageCategoryStatus>
			<label>Senior</label>
			<status>Not Expected</status>
		</ageCategoryStatus>
	</vaccineReportGroup>
	<vaccineReportGroup>
		<label>Malaria</label>
		<displayPriority>0</displayPriority>
		<cvx>67</cvx>
		<ageCategoryStatus>
			<label>Baby</label>
			<status>Not Expected</status>
		</ageCategoryStatus>
		<ageCategoryStatus>
			<label>Child</label>
			<status>Not Expected</status>
		</ageCategoryStatus>
		<ageCategoryStatus>
			<label>Adolescent</label>
			<status>Not Expected</status>
		</ageCategoryStatus>
		<ageCategoryStatus>
			<label>Adult</label>
			<status>Not Expected</status>
		</ageCategoryStatus>
		<ageCategoryStatus>
			<label>Senior</label>
			<status>Not Expected</status>
		</ageCategoryStatus>
	</vaccineReportGroup>
	<vaccineReportGroup>
		<label>Measles</label>
		<displayPriority>0</displayPriority>
		<cvx>5</cvx>
		<ageCategoryStatus>
			<label>Baby</label>
			<status>Not Expected</status>
		</ageCategoryStatus>
		<ageCategoryStatus>
			<label>Child</label>
			<status>Not Expected</status>
		</ageCategoryStatus>
		<ageCategoryStatus>
			<label>Adolescent</label>
			<status>Not Expected</status>
		</ageCategoryStatus>
		<ageCategoryStatus>
			<label>Adult</label>
			<status>Not Expected</status>
		</ageCategoryStatus>
		<ageCategoryStatus>
			<label>Senior</label>
			<status>Not Expected</status>
		</ageCategoryStatus>
	</vaccineReportGroup>
	<vaccineReportGroup>
		<label>Melanoma</label>
		<displayPriority>0</displayPriority>
		<cvx>68</cvx>
		<ageCategoryStatus>
			<label>Baby</label>
			<status>Not Expected</status>
		</ageCategoryStatus>
		<ageCategoryStatus>
			<label>Child</label>
			<status>Not Expected</status>
		</ageCategoryStatus>
		<ageCategoryStatus>
			<label>Adolescent</label>
			<status>Not Expected</status>
		</ageCategoryStatus>
		<ageCategoryStatus>
			<label>Adult</label>
			<status>Not Expected</status>
		</ageCategoryStatus>
		<ageCategoryStatus>
			<label>Senior</label>
			<status>Not Expected</status>
		</ageCategoryStatus>
	</vaccineReportGroup>
	<vaccineReportGroup>
		<label>Mening</label>
		<displayPriority>12</displayPriority>
		<cvx>108</cvx>
		<cvx>163</cvx>
		<cvx>162</cvx>
		<cvx>164</cvx>
		<cvx>103</cvx>
		<cvx>148</cvx>
		<cvx>147</cvx>
		<cvx>136</cvx>
		<cvx>114</cvx>
		<cvx>32</cvx>
		<cvx>167</cvx>
		<cvx>191</cvx>
		<cvx>192</cvx>
		<ageCategoryStatus>
			<label>Baby</label>
			<status>Not Expected</status>
		</ageCategoryStatus>
		<ageCategoryStatus>
			<label>Child</label>
			<status>Not Expected</status>
		</ageCategoryStatus>
		<ageCategoryStatus>
			<label>Adolescent</label>
			<status>Expected</status>
		</ageCategoryStatus>
		<ageCategoryStatus>
			<label>Adult</label>
			<status>Possible</status>
		</ageCategoryStatus>
		<ageCategoryStatus>
			<label>Senior</label>
			<status>Possible</status>
		</ageCategoryStatus>
	</vaccineReportGroup>
	<vaccineReportGroup>
		<label>MMR</label>
		<displayPriority>7</displayPriority>
		<cvx>4</cvx>
		<cvx>3</cvx>
		<cvx>94</cvx>
		<ageCategoryStatus>
			<label>Baby</label>
			<status>Not Expected</status>
		</ageCategoryStatus>
		<ageCategoryStatus>
			<label>Child</label>
			<status>Expected</status>
		</ageCategoryStatus>
		<ageCategoryStatus>
			<label>Adolescent</label>
			<status>Possible</status>
		</ageCategoryStatus>
		<ageCategoryStatus>
			<label>Adult</label>
			<status>Possible</status>
		</ageCategoryStatus>
		<ageCategoryStatus>
			<label>Senior</label>
			<status>Possible</status>
		</ageCategoryStatus>
	</vaccineReportGroup>
	<vaccineReportGroup>
		<label>Mumps</label>
		<displayPriority>0</displayPriority>
		<cvx>7</cvx>
		<cvx>38</cvx>
		<ageCategoryStatus>
			<label>Baby</label>
			<status>Not Expected</status>
		</ageCategoryStatus>
		<ageCategoryStatus>
			<label>Child</label>
			<status>Not Expected</status>
		</ageCategoryStatus>
		<ageCategoryStatus>
			<label>Adolescent</label>
			<status>Not Expected</status>
		</ageCategoryStatus>
		<ageCategoryStatus>
			<label>Adult</label>
			<status>Not Expected</status>
		</ageCategoryStatus>
		<ageCategoryStatus>
			<label>Senior</label>
			<status>Not Expected</status>
		</ageCategoryStatus>
	</vaccineReportGroup>
	<vaccineReportGroup>
		<label>Parainfluenza</label>
		<displayPriority>0</displayPriority>
		<cvx>69</cvx>
		<ageCategoryStatus>
			<label>Baby</label>
			<status>Not Expected</status>
		</ageCategoryStatus>
		<ageCategoryStatus>
			<label>Child</label>
			<status>Not Expected</status>
		</ageCategoryStatus>
		<ageCategoryStatus>
			<label>Adolescent</label>
			<status>Not Expected</status>
		</ageCategoryStatus>
		<ageCategoryStatus>
			<label>Adult</label>
			<status>Not Expected</status>
		</ageCategoryStatus>
		<ageCategoryStatus>
			<label>Senior</label>
			<status>Not Expected</status>
		</ageCategoryStatus>
	</vaccineReportGroup>
	<vaccineReportGroup>
		<label>PCV</label>
		<displayPriority>6</displayPriority>
		<cvx>177</cvx>
		<cvx>133</cvx>
		<cvx>100</cvx>
		<cvx>152</cvx>
		<ageCategoryStatus>
			<label>Baby</label>
			<status>Expected</status>
		</ageCategoryStatus>
		<ageCategoryStatus>
			<label>Child</label>
			<status>Expected</status>
		</ageCategoryStatus>
		<ageCategoryStatus>
			<label>Adolescent</label>
			<status>Possible</status>
		</ageCategoryStatus>
		<ageCategoryStatus>
			<label>Adult</label>
			<status>Possible</status>
		</ageCategoryStatus>
		<ageCategoryStatus>
			<label>Senior</label>
			<status>Expected</status>
		</ageCategoryStatus>
	</vaccineReportGroup>
	<vaccineReportGroup>
		<label>Pertussis</label>
		<displayPriority>0</displayPriority>
		<cvx>11</cvx>
		<ageCategoryStatus>
			<label>Baby</label>
			<status>Not Expected</status>
		</ageCategoryStatus>
		<ageCategoryStatus>
			<label>Child</label>
			<status>Not Expected</status>
		</ageCategoryStatus>
		<ageCategoryStatus>
			<label>Adolescent</label>
			<status>Not Expected</status>
		</ageCategoryStatus>
		<ageCategoryStatus>
			<label>Adult</label>
			<status>Not Expected</status>
		</ageCategoryStatus>
		<ageCategoryStatus>
			<label>Senior</label>
			<status>Not Expected</status>
		</ageCategoryStatus>
	</vaccineReportGroup>
	<vaccineReportGroup>
		<label>Plague</label>
		<displayPriority>0</displayPriority>
		<cvx>23</cvx>
		<ageCategoryStatus>
			<label>Baby</label>
			<status>Not Expected</status>
		</ageCategoryStatus>
		<ageCategoryStatus>
			<label>Child</label>
			<status>Not Expected</status>
		</ageCategoryStatus>
		<ageCategoryStatus>
			<label>Adolescent</label>
			<status>Not Expected</status>
		</ageCategoryStatus>
		<ageCategoryStatus>
			<label>Adult</label>
			<status>Not Expected</status>
		</ageCategoryStatus>
		<ageCategoryStatus>
			<label>Senior</label>
			<status>Not Expected</status>
		</ageCategoryStatus>
	</vaccineReportGroup>
	<vaccineReportGroup>
		<label>Polio</label>
		<displayPriority>4</displayPriority>
		<cvx>146</cvx>
		<cvx>170</cvx>
		<cvx>110</cvx>
		<cvx>120</cvx>
		<cvx>130</cvx>
		<cvx>132</cvx>
		<cvx>10</cvx>
		<cvx>2</cvx>
		<cvx>179</cvx>
		<cvx>178</cvx>
		<cvx>182</cvx>
		<cvx>89</cvx>
		<ageCategoryStatus>
			<label>Baby</label>
			<status>Expected</status>
		</ageCategoryStatus>
		<ageCategoryStatus>
			<label>Child</label>
			<status>Expected</status>
		</ageCategoryStatus>
		<ageCategoryStatus>
			<label>Adolescent</label>
			<status>Possible</status>
		</ageCategoryStatus>
		<ageCategoryStatus>
			<label>Adult</label>
			<status>Possible</status>
		</ageCategoryStatus>
		<ageCategoryStatus>
			<label>Senior</label>
			<status>Possible</status>
		</ageCategoryStatus>
	</vaccineReportGroup>
	<vaccineReportGroup>
		<label>PPSV23</label>
		<displayPriority>13</displayPriority>
		<cvx>33</cvx>
		<cvx>109</cvx>
		<ageCategoryStatus>
			<label>Baby</label>
			<status>Not Expected</status>
		</ageCategoryStatus>
		<ageCategoryStatus>
			<label>Child</label>
			<status>Not Expected</status>
		</ageCategoryStatus>
		<ageCategoryStatus>
			<label>Adolescent</label>
			<status>Possible</status>
		</ageCategoryStatus>
		<ageCategoryStatus>
			<label>Adult</label>
			<status>Possible</status>
		</ageCategoryStatus>
		<ageCategoryStatus>
			<label>Senior</label>
			<status>Expected</status>
		</ageCategoryStatus>
	</vaccineReportGroup>
	<vaccineReportGroup>
		<label>Q Fever</label>
		<displayPriority>0</displayPriority>
		<cvx>70</cvx>
		<ageCategoryStatus>
			<label>Baby</label>
			<status>Not Expected</status>
		</ageCategoryStatus>
		<ageCategoryStatus>
			<label>Child</label>
			<status>Not Expected</status>
		</ageCategoryStatus>
		<ageCategoryStatus>
			<label>Adolescent</label>
			<status>Not Expected</status>
		</ageCategoryStatus>
		<ageCategoryStatus>
			<label>Adult</label>
			<status>Not Expected</status>
		</ageCategoryStatus>
		<ageCategoryStatus>
			<label>Senior</label>
			<status>Not Expected</status>
		</ageCategoryStatus>
	</vaccineReportGroup>
	<vaccineReportGroup>
		<label>Rabies</label>
		<displayPriority>0</displayPriority>
		<cvx>175</cvx>
		<cvx>176</cvx>
		<cvx>40</cvx>
		<cvx>18</cvx>
		<cvx>90</cvx>
		<ageCategoryStatus>
			<label>Baby</label>
			<status>Not Expected</status>
		</ageCategoryStatus>
		<ageCategoryStatus>
			<label>Child</label>
			<status>Not Expected</status>
		</ageCategoryStatus>
		<ageCategoryStatus>
			<label>Adolescent</label>
			<status>Not Expected</status>
		</ageCategoryStatus>
		<ageCategoryStatus>
			<label>Adult</label>
			<status>Not Expected</status>
		</ageCategoryStatus>
		<ageCategoryStatus>
			<label>Senior</label>
			<status>Not Expected</status>
		</ageCategoryStatus>
	</vaccineReportGroup>
	<vaccineReportGroup>
		<label>Rheumatic Fever</label>
		<displayPriority>0</displayPriority>
		<cvx>72</cvx>
		<ageCategoryStatus>
			<label>Baby</label>
			<status>Not Expected</status>
		</ageCategoryStatus>
		<ageCategoryStatus>
			<label>Child</label>
			<status>Not Expected</status>
		</ageCategoryStatus>
		<ageCategoryStatus>
			<label>Adolescent</label>
			<status>Not Expected</status>
		</ageCategoryStatus>
		<ageCategoryStatus>
			<label>Adult</label>
			<status>Not Expected</status>
		</ageCategoryStatus>
		<ageCategoryStatus>
			<label>Senior</label>
			<status>Not Expected</status>
		</ageCategoryStatus>
	</vaccineReportGroup>
	<vaccineReportGroup>
		<label>RHo(D)</label>
		<cvx>159</cvx>
		<cvx>157</cvx>
		<cvx>156</cvx>
		<ageCategoryStatus>
			<label>Baby</label>
			<status>Not Expected</status>
		</ageCategoryStatus>
		<ageCategoryStatus>
			<label>Child</label>
			<status>Not Expected</status>
		</ageCategoryStatus>
		<ageCategoryStatus>
			<label>Adolescent</label>
			<status>Not Expected</status>
		</ageCategoryStatus>
		<ageCategoryStatus>
			<label>Adult</label>
			<status>Not Expected</status>
		</ageCategoryStatus>
		<ageCategoryStatus>
			<label>Senior</label>
			<status>Not Expected</status>
		</ageCategoryStatus>
	</vaccineReportGroup>
	<vaccineReportGroup>
		<label>Rift Valley Fever</label>
		<displayPriority>0</displayPriority>
		<cvx>73</cvx>
		<ageCategoryStatus>
			<label>Baby</label>
			<status>Not Expected</status>
		</ageCategoryStatus>
		<ageCategoryStatus>
			<label>Child</label>
			<status>Not Expected</status>
		</ageCategoryStatus>
		<ageCategoryStatus>
			<label>Adolescent</label>
			<status>Not Expected</status>
		</ageCategoryStatus>
		<ageCategoryStatus>
			<label>Adult</label>
			<status>Not Expected</status>
		</ageCategoryStatus>
		<ageCategoryStatus>
			<label>Senior</label>
			<status>Not Expected</status>
		</ageCategoryStatus>
	</vaccineReportGroup>
	<vaccineReportGroup>
		<label>RIG</label>
		<displayPriority>0</displayPriority>
		<cvx>34</cvx>
		<ageCategoryStatus>
			<label>Baby</label>
			<status>Not Expected</status>
		</ageCategoryStatus>
		<ageCategoryStatus>
			<label>Child</label>
			<status>Not Expected</status>
		</ageCategoryStatus>
		<ageCategoryStatus>
			<label>Adolescent</label>
			<status>Not Expected</status>
		</ageCategoryStatus>
		<ageCategoryStatus>
			<label>Adult</label>
			<status>Not Expected</status>
		</ageCategoryStatus>
		<ageCategoryStatus>
			<label>Senior</label>
			<status>Not Expected</status>
		</ageCategoryStatus>
	</vaccineReportGroup>
	<vaccineReportGroup>
		<label>Rotavirus</label>
		<displayPriority>1</displayPriority>
		<cvx>119</cvx>
		<cvx>116</cvx>
		<cvx>74</cvx>
		<cvx>122</cvx>
		<ageCategoryStatus>
			<label>Baby</label>
			<status>Expected</status>
		</ageCategoryStatus>
		<ageCategoryStatus>
			<label>Child</label>
			<status>Not Expected</status>
		</ageCategoryStatus>
		<ageCategoryStatus>
			<label>Adolescent</label>
			<status>Not Expected</status>
		</ageCategoryStatus>
		<ageCategoryStatus>
			<label>Adult</label>
			<status>Not Expected</status>
		</ageCategoryStatus>
		<ageCategoryStatus>
			<label>Senior</label>
			<status>Not Expected</status>
		</ageCategoryStatus>
	</vaccineReportGroup>
	<vaccineReportGroup>
		<label>RSV</label>
		<displayPriority>0</displayPriority>
		<cvx>71</cvx>
		<cvx>93</cvx>
		<cvx>145</cvx>
		<ageCategoryStatus>
			<label>Baby</label>
			<status>Not Expected</status>
		</ageCategoryStatus>
		<ageCategoryStatus>
			<label>Child</label>
			<status>Not Expected</status>
		</ageCategoryStatus>
		<ageCategoryStatus>
			<label>Adolescent</label>
			<status>Not Expected</status>
		</ageCategoryStatus>
		<ageCategoryStatus>
			<label>Adult</label>
			<status>Not Expected</status>
		</ageCategoryStatus>
		<ageCategoryStatus>
			<label>Senior</label>
			<status>Not Expected</status>
		</ageCategoryStatus>
	</vaccineReportGroup>
	<vaccineReportGroup>
		<label>Rubella</label>
		<displayPriority>0</displayPriority>
		<cvx>6</cvx>
		<cvx>38</cvx>
		<ageCategoryStatus>
			<label>Baby</label>
			<status>Not Expected</status>
		</ageCategoryStatus>
		<ageCategoryStatus>
			<label>Child</label>
			<status>Not Expected</status>
		</ageCategoryStatus>
		<ageCategoryStatus>
			<label>Adolescent</label>
			<status>Not Expected</status>
		</ageCategoryStatus>
		<ageCategoryStatus>
			<label>Adult</label>
			<status>Not Expected</status>
		</ageCategoryStatus>
		<ageCategoryStatus>
			<label>Senior</label>
			<status>Not Expected</status>
		</ageCategoryStatus>
	</vaccineReportGroup>
	<vaccineReportGroup>
		<label>Smallpox</label>
		<displayPriority>0</displayPriority>
		<cvx>75</cvx>
		<cvx>105</cvx>
		<cvx>79</cvx>
		<ageCategoryStatus>
			<label>Baby</label>
			<status>Not Expected</status>
		</ageCategoryStatus>
		<ageCategoryStatus>
			<label>Child</label>
			<status>Not Expected</status>
		</ageCategoryStatus>
		<ageCategoryStatus>
			<label>Adolescent</label>
			<status>Not Expected</status>
		</ageCategoryStatus>
		<ageCategoryStatus>
			<label>Adult</label>
			<status>Not Expected</status>
		</ageCategoryStatus>
		<ageCategoryStatus>
			<label>Senior</label>
			<status>Not Expected</status>
		</ageCategoryStatus>
	</vaccineReportGroup>
	<vaccineReportGroup>
		<label>Staphylococcus Bacterio Lysate</label>
		<displayPriority>0</displayPriority>
		<cvx>76</cvx>
		<ageCategoryStatus>
			<label>Baby</label>
			<status>Not Expected</status>
		</ageCategoryStatus>
		<ageCategoryStatus>
			<label>Child</label>
			<status>Not Expected</status>
		</ageCategoryStatus>
		<ageCategoryStatus>
			<label>Adolescent</label>
			<status>Not Expected</status>
		</ageCategoryStatus>
		<ageCategoryStatus>
			<label>Adult</label>
			<status>Not Expected</status>
		</ageCategoryStatus>
		<ageCategoryStatus>
			<label>Senior</label>
			<status>Not Expected</status>
		</ageCategoryStatus>
	</vaccineReportGroup>
	<vaccineReportGroup>
		<label>Td/Tdap</label>
		<displayPriority>10</displayPriority>
		<cvx>138</cvx>
		<cvx>9</cvx>
		<cvx>113</cvx>
		<cvx>139</cvx>
		<cvx>115</cvx>
		<ageCategoryStatus>
			<label>Baby</label>
			<status>Not Expected</status>
		</ageCategoryStatus>
		<ageCategoryStatus>
			<label>Child</label>
			<status>Not Expected</status>
		</ageCategoryStatus>
		<ageCategoryStatus>
			<label>Adolescent</label>
			<status>Expected</status>
		</ageCategoryStatus>
		<ageCategoryStatus>
			<label>Adult</label>
			<status>Possible</status>
		</ageCategoryStatus>
		<ageCategoryStatus>
			<label>Senior</label>
			<status>Possible</status>
		</ageCategoryStatus>
	</vaccineReportGroup>
	<vaccineReportGroup>
		<label>Tetanus</label>
		<displayPriority>0</displayPriority>
		<cvx>35</cvx>
		<cvx>142</cvx>
		<cvx>112</cvx>
		<ageCategoryStatus>
			<label>Baby</label>
			<status>Not Expected</status>
		</ageCategoryStatus>
		<ageCategoryStatus>
			<label>Child</label>
			<status>Not Expected</status>
		</ageCategoryStatus>
		<ageCategoryStatus>
			<label>Adolescent</label>
			<status>Not Expected</status>
		</ageCategoryStatus>
		<ageCategoryStatus>
			<label>Adult</label>
			<status>Not Expected</status>
		</ageCategoryStatus>
		<ageCategoryStatus>
			<label>Senior</label>
			<status>Not Expected</status>
		</ageCategoryStatus>
	</vaccineReportGroup>
	<vaccineReportGroup>
		<label>Tick-Borne Encephalitis</label>
		<displayPriority>0</displayPriority>
		<cvx>77</cvx>
		<ageCategoryStatus>
			<label>Baby</label>
			<status>Not Expected</status>
		</ageCategoryStatus>
		<ageCategoryStatus>
			<label>Child</label>
			<status>Not Expected</status>
		</ageCategoryStatus>
		<ageCategoryStatus>
			<label>Adolescent</label>
			<status>Not Expected</status>
		</ageCategoryStatus>
		<ageCategoryStatus>
			<label>Adult</label>
			<status>Not Expected</status>
		</ageCategoryStatus>
		<ageCategoryStatus>
			<label>Senior</label>
			<status>Not Expected</status>
		</ageCategoryStatus>
	</vaccineReportGroup>
	<vaccineReportGroup>
		<label>TIG</label>
		<displayPriority>0</displayPriority>
		<cvx>13</cvx>
		<ageCategoryStatus>
			<label>Baby</label>
			<status>Not Expected</status>
		</ageCategoryStatus>
		<ageCategoryStatus>
			<label>Child</label>
			<status>Not Expected</status>
		</ageCategoryStatus>
		<ageCategoryStatus>
			<label>Adolescent</label>
			<status>Not Expected</status>
		</ageCategoryStatus>
		<ageCategoryStatus>
			<label>Adult</label>
			<status>Not Expected</status>
		</ageCategoryStatus>
		<ageCategoryStatus>
			<label>Senior</label>
			<status>Not Expected</status>
		</ageCategoryStatus>
	</vaccineReportGroup>
	<vaccineReportGroup>
		<label>Tuberculin Skin Test</label>
		<displayPriority>0</displayPriority>
		<cvx>98</cvx>
		<cvx>95</cvx>
		<cvx>96</cvx>
		<cvx>97</cvx>
		<ageCategoryStatus>
			<label>Baby</label>
			<status>Not Expected</status>
		</ageCategoryStatus>
		<ageCategoryStatus>
			<label>Child</label>
			<status>Not Expected</status>
		</ageCategoryStatus>
		<ageCategoryStatus>
			<label>Adolescent</label>
			<status>Not Expected</status>
		</ageCategoryStatus>
		<ageCategoryStatus>
			<label>Adult</label>
			<status>Not Expected</status>
		</ageCategoryStatus>
		<ageCategoryStatus>
			<label>Senior</label>
			<status>Not Expected</status>
		</ageCategoryStatus>
	</vaccineReportGroup>
	<vaccineReportGroup>
		<label>Tularemia</label>
		<displayPriority>0</displayPriority>
		<cvx>78</cvx>
		<ageCategoryStatus>
			<label>Baby</label>
			<status>Not Expected</status>
		</ageCategoryStatus>
		<ageCategoryStatus>
			<label>Child</label>
			<status>Not Expected</status>
		</ageCategoryStatus>
		<ageCategoryStatus>
			<label>Adolescent</label>
			<status>Not Expected</status>
		</ageCategoryStatus>
		<ageCategoryStatus>
			<label>Adult</label>
			<status>Not Expected</status>
		</ageCategoryStatus>
		<ageCategoryStatus>
			<label>Senior</label>
			<status>Not Expected</status>
		</ageCategoryStatus>
	</vaccineReportGroup>
	<vaccineReportGroup>
		<label>Typhoid</label>
		<displayPriority>0</displayPriority>
		<cvx>25</cvx>
		<cvx>41</cvx>
		<cvx>53</cvx>
		<cvx>91</cvx>
		<cvx>101</cvx>
		<cvx>190</cvx>
		<ageCategoryStatus>
			<label>Baby</label>
			<status>Not Expected</status>
		</ageCategoryStatus>
		<ageCategoryStatus>
			<label>Child</label>
			<status>Not Expected</status>
		</ageCategoryStatus>
		<ageCategoryStatus>
			<label>Adolescent</label>
			<status>Not Expected</status>
		</ageCategoryStatus>
		<ageCategoryStatus>
			<label>Adult</label>
			<status>Not Expected</status>
		</ageCategoryStatus>
		<ageCategoryStatus>
			<label>Senior</label>
			<status>Not Expected</status>
		</ageCategoryStatus>
	</vaccineReportGroup>
	<vaccineReportGroup>
		<label>Typhus</label>
		<displayPriority>0</displayPriority>
		<cvx>131</cvx>
		<ageCategoryStatus>
			<label>Baby</label>
			<status>Not Expected</status>
		</ageCategoryStatus>
		<ageCategoryStatus>
			<label>Child</label>
			<status>Not Expected</status>
		</ageCategoryStatus>
		<ageCategoryStatus>
			<label>Adolescent</label>
			<status>Not Expected</status>
		</ageCategoryStatus>
		<ageCategoryStatus>
			<label>Adult</label>
			<status>Not Expected</status>
		</ageCategoryStatus>
		<ageCategoryStatus>
			<label>Senior</label>
			<status>Not Expected</status>
		</ageCategoryStatus>
	</vaccineReportGroup>
	<vaccineReportGroup>
		<label>Unknown</label>
		<displayPriority>0</displayPriority>
		<cvx>998</cvx>
		<cvx>999</cvx>
		<cvx>99</cvx>
		<ageCategoryStatus>
			<label>Baby</label>
			<status>Not Expected</status>
		</ageCategoryStatus>
		<ageCategoryStatus>
			<label>Child</label>
			<status>Not Expected</status>
		</ageCategoryStatus>
		<ageCategoryStatus>
			<label>Adolescent</label>
			<status>Not Expected</status>
		</ageCategoryStatus>
		<ageCategoryStatus>
			<label>Adult</label>
			<status>Not Expected</status>
		</ageCategoryStatus>
		<ageCategoryStatus>
			<label>Senior</label>
			<status>Not Expected</status>
		</ageCategoryStatus>
	</vaccineReportGroup>
	<vaccineReportGroup>
		<label>Varicella</label>
		<displayPriority>8</displayPriority>
		<cvx>94</cvx>
		<cvx>21</cvx>
		<ageCategoryStatus>
			<label>Baby</label>
			<status>Not Expected</status>
		</ageCategoryStatus>
		<ageCategoryStatus>
			<label>Child</label>
			<status>Expected</status>
		</ageCategoryStatus>
		<ageCategoryStatus>
			<label>Adolescent</label>
			<status>Possible</status>
		</ageCategoryStatus>
		<ageCategoryStatus>
			<label>Adult</label>
			<status>Possible</status>
		</ageCategoryStatus>
		<ageCategoryStatus>
			<label>Senior</label>
			<status>Not Expected</status>
		</ageCategoryStatus>
	</vaccineReportGroup>
	<vaccineReportGroup>
		<label>Varicella Immune Globin</label>
		<displayPriority>0</displayPriority>
		<cvx>36</cvx>
		<cvx>117</cvx>
		<ageCategoryStatus>
			<label>Baby</label>
			<status>Not Expected</status>
		</ageCategoryStatus>
		<ageCategoryStatus>
			<label>Child</label>
			<status>Not Expected</status>
		</ageCategoryStatus>
		<ageCategoryStatus>
			<label>Adolescent</label>
			<status>Not Expected</status>
		</ageCategoryStatus>
		<ageCategoryStatus>
			<label>Adult</label>
			<status>Not Expected</status>
		</ageCategoryStatus>
		<ageCategoryStatus>
			<label>Senior</label>
			<status>Not Expected</status>
		</ageCategoryStatus>
	</vaccineReportGroup>
	<vaccineReportGroup>
		<label>Venezuelan Equine Encephalitis</label>
		<displayPriority>0</displayPriority>
		<cvx>81</cvx>
		<cvx>80</cvx>
		<cvx>92</cvx>
		<ageCategoryStatus>
			<label>Baby</label>
			<status>Not Expected</status>
		</ageCategoryStatus>
		<ageCategoryStatus>
			<label>Child</label>
			<status>Not Expected</status>
		</ageCategoryStatus>
		<ageCategoryStatus>
			<label>Adolescent</label>
			<status>Not Expected</status>
		</ageCategoryStatus>
		<ageCategoryStatus>
			<label>Adult</label>
			<status>Not Expected</status>
		</ageCategoryStatus>
		<ageCategoryStatus>
			<label>Senior</label>
			<status>Not Expected</status>
		</ageCategoryStatus>
	</vaccineReportGroup>
	<vaccineReportGroup>
		<label>Yellow Fever</label>
		<displayPriority>0</displayPriority>
		<cvx>37</cvx>
		<cvx>183</cvx>
		<cvx>184</cvx>
		<ageCategoryStatus>
			<label>Baby</label>
			<status>Not Expected</status>
		</ageCategoryStatus>
		<ageCategoryStatus>
			<label>Child</label>
			<status>Not Expected</status>
		</ageCategoryStatus>
		<ageCategoryStatus>
			<label>Adolescent</label>
			<status>Not Expected</status>
		</ageCategoryStatus>
		<ageCategoryStatus>
			<label>Adult</label>
			<status>Not Expected</status>
		</ageCategoryStatus>
		<ageCategoryStatus>
			<label>Senior</label>
			<status>Not Expected</status>
		</ageCategoryStatus>
	</vaccineReportGroup>
	<vaccineReportGroup>
		<label>Zoster</label>
		<displayPriority>14</displayPriority>
		<cvx>121</cvx>
		<cvx>187</cvx>
		<cvx>188</cvx>
		<ageCategoryStatus>
			<label>Baby</label>
			<status>Not Expected</status>
		</ageCategoryStatus>
		<ageCategoryStatus>
			<label>Child</label>
			<status>Not Expected</status>
		</ageCategoryStatus>
		<ageCategoryStatus>
			<label>Adolescent</label>
			<status>Not Expected</status>
		</ageCategoryStatus>
		<ageCategoryStatus>
			<label>Adult</label>
			<status>Not Expected</status>
		</ageCategoryStatus>
		<ageCategoryStatus>
			<label>Senior</label>
			<status>Expected</status>
		</ageCategoryStatus>
	</vaccineReportGroup>
</vaccinesAdministeredExpectation>
